frame,landmark_0_x,landmark_0_y,landmark_0_z,landmark_0_vis,landmark_7_x,landmark_7_y,landmark_7_z,landmark_7_vis,landmark_8_x,landmark_8_y,landmark_8_z,landmark_8_vis,landmark_11_x,landmark_11_y,landmark_11_z,landmark_11_vis,landmark_12_x,landmark_12_y,landmark_12_z,landmark_12_vis,landmark_13_x,landmark_13_y,landmark_13_z,landmark_13_vis,landmark_14_x,landmark_14_y,landmark_14_z,landmark_14_vis,landmark_15_x,landmark_15_y,landmark_15_z,landmark_15_vis,landmark_16_x,landmark_16_y,landmark_16_z,landmark_16_vis,landmark_17_x,landmark_17_y,landmark_17_z,landmark_17_vis,landmark_18_x,landmark_18_y,landmark_18_z,landmark_18_vis,landmark_19_x,landmark_19_y,landmark_19_z,landmark_19_vis,landmark_20_x,landmark_20_y,landmark_20_z,landmark_20_vis,landmark_21_x,landmark_21_y,landmark_21_z,landmark_21_vis,landmark_22_x,landmark_22_y,landmark_22_z,landmark_22_vis
0,0.3336541950702667,0.7687998414039612,-0.37661540508270264,0.7377870678901672,0.3144809901714325,0.6835254430770874,-0.011388827115297318,0.9519236087799072,0.3203909695148468,0.9091103672981262,-0.057431746274232864,0.8700043559074402,0.4643142819404602,0.5228809118270874,0.10392171889543533,0.9587613344192505,0.5063134431838989,1.0536514520645142,0.0590871125459671,0.8944545984268188,0.7034450769424438,0.33704912662506104,-0.16932764649391174,0.7146022915840149,0.8045805096626282,1.1196848154067993,-0.2985738217830658,0.42300859093666077,0.6143032312393188,0.7220145463943481,-0.5450255870819092,0.5594184398651123,0.5917624831199646,0.8301634192466736,-0.6402365565299988,0.3434365391731262,0.5491043925285339,0.7710512280464172,-0.623801589012146,0.4859144389629364,0.5160048604011536,0.752651572227478,-0.7400185465812683,0.31604406237602234,0.5247791409492493,0.771332859992981,-0.5506879687309265,0.503970742225647,0.4951814115047455,0.7636836171150208,-0.7213538885116577,0.3310830891132355,0.5422078967094421,0.7622882127761841,-0.5246471762657166,0.4865773022174835,0.5151432156562805,0.7637923955917358,-0.6533567905426025,0.32402467727661133
1,0.35684850811958313,0.7528814077377319,-0.5533186793327332,0.764005184173584,0.3365119993686676,0.6614118218421936,-0.1979924589395523,0.9567281603813171,0.34046846628189087,0.8926264047622681,-0.23232626914978027,0.8830003142356873,0.47462981939315796,0.5097465515136719,-0.03627366945147514,0.9628728628158569,0.5245230197906494,1.0695551633834839,-0.08061026781797409,0.9049651622772217,0.7106163501739502,0.2931916117668152,-0.2671718895435333,0.7318910360336304,0.820246160030365,1.1064767837524414,-0.4196857213973999,0.4691718518733978,0.5959492921829224,0.7147749662399292,-0.6387994289398193,0.5979652404785156,0.5969318747520447,0.8320604562759399,-0.8197801113128662,0.4069441854953766,0.5332368016242981,0.7746328711509705,-0.6613095998764038,0.527264416217804,0.5284481048583984,0.7865956425666809,-0.908491849899292,0.3784165382385254,0.511286199092865,0.7703586220741272,-0.6434169411659241,0.545250415802002,0.5049614310264587,0.8121116757392883,-0.7963032126426697,0.3925909698009491,0.5298740267753601,0.7577721476554871,-0.59128737449646,0.5281457901000977,0.5284009575843811,0.7939920425415039,-0.7969715595245361,0.38540029525756836
2,0.35512658953666687,0.7358482480049133,-0.6420547366142273,0.7875980734825134,0.337593674659729,0.6515432596206665,-0.25629135966300964,0.9610505104064941,0.33419179916381836,0.897922933101654,-0.31162959337234497,0.8946921825408936,0.47375139594078064,0.5006346106529236,-0.13530977070331573,0.9665775895118713,0.5292251110076904,1.0998324155807495,-0.10966811329126358,0.9144349694252014,0.7136486172676086,0.2976049780845642,-0.3875950872898102,0.7481126189231873,0.8249499201774597,1.112344741821289,-0.5568228363990784,0.5130953788757324,0.5961171388626099,0.711270272731781,-0.745465874671936,0.631628155708313,0.5902121067047119,0.8318267464637756,-0.9318760633468628,0.46341127157211304,0.5329082012176514,0.768100380897522,-0.7886938452720642,0.5615341067314148,0.5197268724441528,0.79961097240448,-1.0087724924087524,0.43181881308555603,0.5082093477249146,0.7586629390716553,-0.6936879754066467,0.5796400308609009,0.5000408291816711,0.8303219676017761,-0.9151554703712463,0.4451347291469574,0.5246042013168335,0.7486593723297119,-0.7112208604812622,0.5627244710922241,0.5221522450447083,0.8149321675300598,-0.9055492281913757,0.43771588802337646
3,0.3638909161090851,0.7602429389953613,-0.6704906225204468,0.8088342547416687,0.338826984167099,0.6594920754432678,-0.29958122968673706,0.9649414420127869,0.33963024616241455,0.9022440314292908,-0.3555225431919098,0.9052188992500305,0.4675760269165039,0.48831477761268616,-0.15404510498046875,0.9699134230613708,0.5230659246444702,1.0658501386642456,-0.16376136243343353,0.9229670166969299,0.7131339907646179,0.3052710294723511,-0.3842557370662689,0.7673742175102234,0.8191317915916443,1.1003775596618652,-0.5015859007835388,0.5548183917999268,0.6117925643920898,0.7023428678512573,-0.7409778237342834,0.662116289138794,0.5955629944801331,0.8326557278633118,-0.8835954070091248,0.5147082805633545,0.551818311214447,0.7626290917396545,-0.7989691495895386,0.5922055840492249,0.5332071185112,0.8093242049217224,-0.9695224165916443,0.48067229986190796,0.5217286944389343,0.7507731318473816,-0.6963770389556885,0.6112799048423767,0.5082551836967468,0.8378828763961792,-0.8303540945053101,0.49339359998703003,0.5360774397850037,0.7384269833564758,-0.7126596570014954,0.593967854976654,0.527140200138092,0.8224823474884033,-0.8661407828330994,0.48603206872940063
4,0.3565026521682739,0.7417520880699158,-0.6304630637168884,0.8279410600662231,0.33077865839004517,0.6604365706443787,-0.2865001857280731,0.9684382677078247,0.33619484305381775,0.900765061378479,-0.3416179120540619,0.9146856069564819,0.46748483180999756,0.481324702501297,-0.11402072012424469,0.9729062914848328,0.5165504217147827,1.0657416582107544,-0.15888983011245728,0.9305516481399536,0.7134712934494019,0.299856036901474,-0.3826618790626526,0.7882845997810364,0.8158197402954102,1.105320692062378,-0.48555025458335876,0.5941082835197449,0.6167813539505005,0.6940768361091614,-0.7663261294364929,0.6913418769836426,0.5896035432815552,0.8143513798713684,-0.8253292441368103,0.560370683670044,0.5545177459716797,0.7512332201004028,-0.833042323589325,0.6231203675270081,0.5183496475219727,0.7932544350624084,-0.8808593153953552,0.5233225226402283,0.5243861675262451,0.7402275800704956,-0.7288042902946472,0.641807496547699,0.4950036108493805,0.8193316459655762,-0.7777599692344666,0.5350624322891235,0.5391845107078552,0.7303994297981262,-0.7347440719604492,0.6238363981246948,0.5169746279716492,0.8155580163002014,-0.7845996618270874,0.5277304649353027
5,0.35780319571495056,0.7150683999061584,-0.6580150723457336,0.8451271653175354,0.3293164074420929,0.6557833552360535,-0.3119843304157257,0.971576452255249,0.3421888053417206,0.8925015330314636,-0.3519754409790039,0.9231982827186584,0.46716731786727905,0.4857676327228546,-0.11811314523220062,0.9755977988243103,0.5199905633926392,1.0678813457489014,-0.1894550323486328,0.9373883008956909,0.7134555578231812,0.2973598539829254,-0.359560489654541,0.8034636378288269,0.8181807994842529,1.0979671478271484,-0.5218384265899658,0.6280034780502319,0.6192389726638794,0.681056022644043,-0.7592682242393494,0.7161025404930115,0.5948664546012878,0.7934907674789429,-0.81870037317276,0.6017062664031982,0.5668466091156006,0.7405689358711243,-0.8010580539703369,0.6471386551856995,0.5268747806549072,0.7714331746101379,-0.8790837526321411,0.5615409016609192,0.5342288613319397,0.7308030128479004,-0.6976226568222046,0.6659694910049438,0.49992045760154724,0.7987862229347229,-0.7912573218345642,0.5727118849754333,0.5475050806999207,0.721235990524292,-0.7141172885894775,0.6479464769363403,0.5209669470787048,0.8025827407836914,-0.7846117615699768,0.5654497146606445
6,0.3541930615901947,0.7154570817947388,-0.5816859006881714,0.8606032729148865,0.3288875222206116,0.6435469388961792,-0.26817548274993896,0.9744099974632263,0.3444140553474426,0.887800931930542,-0.3031611144542694,0.9308675527572632,0.46690672636032104,0.47909873723983765,-0.09557811915874481,0.9780295491218567,0.5184913873672485,1.0438438653945923,-0.12784184515476227,0.943595290184021,0.7146328091621399,0.30212166905403137,-0.31945154070854187,0.8146516680717468,0.8164503574371338,1.0659631490707397,-0.4955819547176361,0.6557210683822632,0.6283189058303833,0.6571604609489441,-0.6948798894882202,0.737311840057373,0.5989019274711609,0.77853924036026,-0.8178712129592896,0.6385200619697571,0.5840628743171692,0.7237488627433777,-0.7525861263275146,0.6686210036277771,0.531570553779602,0.7550777196884155,-0.8836857676506042,0.5956194996833801,0.5452612638473511,0.7150254249572754,-0.6715654134750366,0.6880340576171875,0.504366397857666,0.7804810404777527,-0.7990421652793884,0.6062876582145691,0.5562788844108582,0.7025433778762817,-0.665299654006958,0.6703286170959473,0.5210220813751221,0.7895135879516602,-0.7903311848640442,0.5996560454368591
7,0.3516666293144226,0.7110693454742432,-0.49560099840164185,0.8745219707489014,0.33148983120918274,0.6466860175132751,-0.17806869745254517,0.9769563674926758,0.3446700870990753,0.8852185010910034,-0.2372458130121231,0.9377565383911133,0.46651241183280945,0.4874787926673889,-0.01408777292817831,0.9802225828170776,0.5191754102706909,1.02776038646698,-0.09088476002216339,0.9491937756538391,0.7142067551612854,0.3032732307910919,-0.21978183090686798,0.8272304534912109,0.815287709236145,1.062265157699585,-0.39835208654403687,0.6833595633506775,0.6341819167137146,0.6448832154273987,-0.6323202848434448,0.7572307586669922,0.6106557250022888,0.7767212986946106,-0.7480679750442505,0.6705715656280518,0.5924335718154907,0.7188835144042969,-0.7076208591461182,0.6895192861557007,0.5572056174278259,0.7432596683502197,-0.8188214898109436,0.6246755123138428,0.5596749782562256,0.7146999835968018,-0.6415093541145325,0.7085447311401367,0.5303743481636047,0.7664167284965515,-0.7632873058319092,0.6347221732139587,0.56877201795578,0.698164701461792,-0.6128095984458923,0.6911033987998962,0.5430701971054077,0.7762547135353088,-0.7308103442192078,0.6278990507125854
8,0.34812456369400024,0.7114238739013672,-0.4791143834590912,0.8870615363121033,0.33033278584480286,0.6462206840515137,-0.15813469886779785,0.9792541265487671,0.3439640402793884,0.8804596066474915,-0.2208438664674759,0.943971574306488,0.4676702916622162,0.491110622882843,-0.011454921215772629,0.9821975231170654,0.5172678232192993,1.0250167846679688,-0.06957278400659561,0.9542471170425415,0.7140625715255737,0.30859410762786865,-0.20273327827453613,0.8400810956954956,0.8018877506256104,1.0709142684936523,-0.37244850397109985,0.7098650336265564,0.6379315853118896,0.6293558478355408,-0.6341012716293335,0.778117299079895,0.6116043925285339,0.781676709651947,-0.7484915256500244,0.6999303102493286,0.6027542352676392,0.7059922218322754,-0.7192909717559814,0.7132559418678284,0.5751829147338867,0.7484444975852966,-0.8258178234100342,0.6512336730957031,0.5627931952476501,0.7084879279136658,-0.6580905914306641,0.7314159870147705,0.5374619960784912,0.7669857144355774,-0.774025559425354,0.6606640219688416,0.5749233365058899,0.6899236440658569,-0.6180546283721924,0.7144395709037781,0.5496553778648376,0.7757138013839722,-0.7331684827804565,0.6540195345878601
9,0.34900709986686707,0.7098281383514404,-0.5230837464332581,0.8983358144760132,0.33125439286231995,0.6443454623222351,-0.20725901424884796,0.9813111424446106,0.34310799837112427,0.8782086372375488,-0.2807193696498871,0.9495545029640198,0.46700528264045715,0.4907172918319702,-0.07567527890205383,0.9839707016944885,0.5160125494003296,1.009804129600525,-0.10878380388021469,0.9587933421134949,0.7137871980667114,0.3110083043575287,-0.2824714481830597,0.8506102561950684,0.797329843044281,1.0742825269699097,-0.4159475862979889,0.7329854965209961,0.6297025084495544,0.632849931716919,-0.6914162039756775,0.795074462890625,0.6189244985580444,0.7822870016098022,-0.7732684016227722,0.7239973545074463,0.6020448207855225,0.7184314727783203,-0.7665659189224243,0.7298537492752075,0.5829778909683228,0.7376618981361389,-0.8457220792770386,0.667080283164978,0.5660899877548218,0.7174721360206604,-0.6991711258888245,0.7472895979881287,0.5426270365715027,0.7546586990356445,-0.7778158783912659,0.675606906414032,0.5754823088645935,0.6905626654624939,-0.6705456972122192,0.7304922938346863,0.5546351671218872,0.7667892575263977,-0.7517899870872498,0.6691417098045349
10,0.34939754009246826,0.6898770928382874,-0.6608520150184631,0.9084880352020264,0.3321226239204407,0.6347517967224121,-0.3468882739543915,0.9831675291061401,0.3408224880695343,0.869949221611023,-0.4234835207462311,0.9545802474021912,0.4686851501464844,0.4893213212490082,-0.17306086421012878,0.9855608344078064,0.5156652331352234,1.0074530839920044,-0.20686054229736328,0.962856650352478,0.7136746644973755,0.3133050203323364,-0.3866284191608429,0.861890435218811,0.7973514795303345,1.0720876455307007,-0.49951326847076416,0.7552236318588257,0.6097090840339661,0.6425166130065918,-0.771339476108551,0.8115366697311401,0.6037054061889648,0.7845367193222046,-0.821338415145874,0.7485700249671936,0.5659734010696411,0.7212768793106079,-0.8343935608863831,0.7471864819526672,0.551823616027832,0.7395638823509216,-0.8797788619995117,0.6894088387489319,0.536121666431427,0.7245326042175293,-0.7550888061523438,0.7635360360145569,0.5274674892425537,0.7559096217155457,-0.7994338274002075,0.6968986392021179,0.549025297164917,0.6995049118995667,-0.7430843114852905,0.7464650273323059,0.54389888048172,0.7697474360466003,-0.7929331064224243,0.6898050308227539
11,0.35673537850379944,0.6923899054527283,-0.5382525324821472,0.9176254868507385,0.3311510682106018,0.6374232769012451,-0.2375151365995407,0.9848395586013794,0.34492331743240356,0.867472231388092,-0.28495728969573975,0.959106981754303,0.46804311871528625,0.4859354794025421,-0.0917150229215622,0.9869917631149292,0.5152957439422607,1.0058062076568604,-0.09260055422782898,0.9665034413337708,0.713377833366394,0.31456416845321655,-0.2977108955383301,0.8711390495300293,0.7991794943809509,1.049702525138855,-0.43142569065093994,0.7735962271690369,0.5948998928070068,0.6491267085075378,-0.650836169719696,0.8245090842247009,0.585078239440918,0.7851779460906982,-0.817571222782135,0.7707904577255249,0.539018452167511,0.7252674698829651,-0.7077881097793579,0.7600390911102295,0.5133069753646851,0.7493181824684143,-0.8697586059570312,0.7110734581947327,0.5105277895927429,0.7231423854827881,-0.6245836615562439,0.7760491967201233,0.49130779504776,0.7755919098854065,-0.790338397026062,0.7176482677459717,0.5275413393974304,0.7046512961387634,-0.6205036640167236,0.7581945657730103,0.5142000317573547,0.784885585308075,-0.785589873790741,0.7104477286338806
12,0.36637386679649353,0.6998047232627869,-0.6208027005195618,0.9258577227592468,0.33505961298942566,0.6361008882522583,-0.3726727366447449,0.9863523840904236,0.34869998693466187,0.8708006739616394,-0.35521605610847473,0.9631875157356262,0.467917263507843,0.4757518172264099,-0.1947370320558548,0.9882894158363342,0.5144137740135193,0.9937780499458313,-0.09940154105424881,0.9698354601860046,0.7131058573722839,0.30769094824790955,-0.3686264157295227,0.882470428943634,0.7993566989898682,1.013560175895691,-0.4331352114677429,0.7906469106674194,0.5898701548576355,0.6542332172393799,-0.6902373433113098,0.8392810225486755,0.5781489014625549,0.7861306071281433,-0.864733874797821,0.7910252809524536,0.5311803221702576,0.726502537727356,-0.728830873966217,0.7765921354293823,0.5054200887680054,0.7658933997154236,-0.9285460710525513,0.7317377924919128,0.5050424933433533,0.7265958189964294,-0.6254503726959229,0.7916699051856995,0.484270840883255,0.7981699705123901,-0.8631367087364197,0.7373751401901245,0.5226734280586243,0.7092790007591248,-0.6544035077095032,0.7743015885353088,0.5062126517295837,0.7988355159759521,-0.8452247977256775,0.7304669618606567
13,0.37364357709884644,0.7036328315734863,-0.6738641262054443,0.9332624673843384,0.3420187830924988,0.6224499344825745,-0.4041042625904083,0.9877099394798279,0.3568612337112427,0.8727346062660217,-0.40163955092430115,0.9668580889701843,0.4673624336719513,0.4662141501903534,-0.23262551426887512,0.9894503355026245,0.5140778422355652,0.9996673464775085,-0.13300539553165436,0.97281813621521,0.7131431698799133,0.30244630575180054,-0.4440803527832031,0.8927813768386841,0.7996856570243835,1.0146442651748657,-0.48734554648399353,0.8081769943237305,0.5912274718284607,0.6567535400390625,-0.7790250182151794,0.8519286513328552,0.5757229924201965,0.7867048382759094,-0.9068037867546082,0.8099357485771179,0.5332667231559753,0.7289092540740967,-0.837344229221344,0.7899001240730286,0.5058560967445374,0.780335545539856,-0.9740181565284729,0.751394510269165,0.507304847240448,0.7288594841957092,-0.7443850040435791,0.8041589856147766,0.4832592010498047,0.8136182427406311,-0.9041249752044678,0.7559023499488831,0.5235723853111267,0.7123552560806274,-0.7447255849838257,0.7864773869514465,0.5047581791877747,0.8106629848480225,-0.8844515085220337,0.7493204474449158
14,0.3715439736843109,0.7026723623275757,-0.6672664284706116,0.9399226903915405,0.3410186469554901,0.6219140291213989,-0.40259599685668945,0.9889296293258667,0.3555140197277069,0.8670398592948914,-0.4026808440685272,0.9701544046401978,0.46699994802474976,0.4620017111301422,-0.22518855333328247,0.9904953837394714,0.5148971080780029,1.0017396211624146,-0.16241656243801117,0.9754942655563354,0.7119801640510559,0.2980720102787018,-0.40591514110565186,0.9002355933189392,0.7997251152992249,1.0161712169647217,-0.4809682071208954,0.8209685683250427,0.5970519185066223,0.6613748073577881,-0.6797930598258972,0.8598615527153015,0.581710159778595,0.7762099504470825,-0.8780332803726196,0.8249988555908203,0.5459185838699341,0.7301949262619019,-0.7166313529014587,0.7940778732299805,0.5167120695114136,0.767376720905304,-0.9638135433197021,0.7628597617149353,0.5173741579055786,0.724784255027771,-0.6327303051948547,0.8079681396484375,0.49435344338417053,0.7997942566871643,-0.8705618977546692,0.7661499977111816,0.5315804481506348,0.7103305459022522,-0.6432814002037048,0.7892751097679138,0.5138341784477234,0.7990331053733826,-0.8628702759742737,0.7590120434761047
15,0.3739377558231354,0.6970027089118958,-0.7310150265693665,0.9459136724472046,0.3405475616455078,0.6173449754714966,-0.45144397020339966,0.9900285601615906,0.35475847125053406,0.8601973652839661,-0.4743090867996216,0.9731223583221436,0.4664369523525238,0.46058300137519836,-0.2452334463596344,0.9914352893829346,0.5122957229614258,1.0027287006378174,-0.20097216963768005,0.9779044389724731,0.7118710875511169,0.2982061505317688,-0.428311824798584,0.9073078632354736,0.800122857093811,1.021368384361267,-0.51854008436203,0.83363938331604,0.6030858755111694,0.6580107808113098,-0.7581290006637573,0.8668969869613647,0.5858862996101379,0.7661309242248535,-0.9267618656158447,0.8385799527168274,0.553281843662262,0.7235612869262695,-0.8086952567100525,0.7992970943450928,0.5246878862380981,0.7520949244499207,-0.9855514764785767,0.774243175983429,0.5194368362426758,0.7117262482643127,-0.7231302261352539,0.81295245885849,0.5012927651405334,0.785176157951355,-0.9161325097084045,0.7764092683792114,0.533664345741272,0.6985087990760803,-0.7233235836029053,0.7930532693862915,0.5196182131767273,0.7873200178146362,-0.905234694480896,0.7689753770828247
16,0.37359610199928284,0.6906946897506714,-0.9234223961830139,0.9513141512870789,0.3405066728591919,0.6116777658462524,-0.6479880809783936,0.9910212159156799,0.35341838002204895,0.8543515205383301,-0.691365659236908,0.9758038520812988,0.4662335216999054,0.45905548334121704,-0.4099372327327728,0.9922876954078674,0.511364221572876,1.002918004989624,-0.4217814803123474,0.980100691318512,0.7142112255096436,0.29869794845581055,-0.5788726806640625,0.9120766520500183,0.8008968234062195,1.02261483669281,-0.7076041102409363,0.8469551205635071,0.6099644303321838,0.6580104827880859,-0.9295406937599182,0.8744462728500366,0.5861886739730835,0.7678101062774658,-1.0583542585372925,0.8525790572166443,0.5595449209213257,0.7207809090614319,-0.9794409275054932,0.804861307144165,0.5291262865066528,0.752493679523468,-1.107883095741272,0.7867733240127563,0.5235305428504944,0.7103902101516724,-0.8995455503463745,0.8186010718345642,0.5051823258399963,0.7852023839950562,-1.0297141075134277,0.7884469032287598,0.5387742519378662,0.6979128122329712,-0.8990756273269653,0.7990387678146362,0.5228890180587769,0.7877025604248047,-1.0283867120742798,0.7813034653663635
17,0.3722924292087555,0.6915063261985779,-0.5837293863296509,0.9561277627944946,0.33978214859962463,0.611251711845398,-0.3189811110496521,0.9918849468231201,0.3524574339389801,0.8536396622657776,-0.34236595034599304,0.978161096572876,0.46793657541275024,0.45915892720222473,-0.1557452529668808,0.9930503368377686,0.5111752152442932,1.0018987655639648,-0.17131845653057098,0.9820636510848999,0.716614305973053,0.29863572120666504,-0.2918899953365326,0.9150946140289307,0.8017533421516418,1.0259240865707397,-0.4433218836784363,0.8570164442062378,0.6251760125160217,0.6553452014923096,-0.5898746848106384,0.8767927289009094,0.587453305721283,0.7582186460494995,-0.7725449204444885,0.8627153038978577,0.5831745266914368,0.7210152745246887,-0.6372566819190979,0.8000657558441162,0.5306432247161865,0.7354690432548523,-0.8241121172904968,0.7908333539962769,0.5392633676528931,0.7118250727653503,-0.5649687051773071,0.8130390644073486,0.5055919885635376,0.7732811570167542,-0.7577848434448242,0.7908225059509277,0.5518993139266968,0.6995183229446411,-0.5622376799583435,0.793389618396759,0.5237873792648315,0.7791921496391296,-0.7476141452789307,0.7837167382240295
18,0.3711276948451996,0.6855317950248718,-0.6956154108047485,0.9604913592338562,0.3399915099143982,0.6092143654823303,-0.40769463777542114,0.9926830530166626,0.3517862856388092,0.8515990972518921,-0.46113768219947815,0.9803200364112854,0.46821942925453186,0.46038955450057983,-0.22641997039318085,0.9937400817871094,0.5106256604194641,1.000118613243103,-0.2440243810415268,0.983832061290741,0.7178469300270081,0.29899686574935913,-0.34266865253448486,0.9195815920829773,0.8025004267692566,1.0279273986816406,-0.5187676548957825,0.8681239485740662,0.6384037137031555,0.6414536833763123,-0.7005264163017273,0.880534827709198,0.6117046475410461,0.7602611780166626,-0.8851445317268372,0.8730906248092651,0.605985701084137,0.7049950361251831,-0.7569121718406677,0.7997798919677734,0.5570341944694519,0.7304489612579346,-0.9360805153846741,0.7993556261062622,0.559907078742981,0.6985414028167725,-0.6867722868919373,0.8123694062232971,0.5275534391403198,0.7643263339996338,-0.8759934902191162,0.7985914945602417,0.570595383644104,0.6866819262504578,-0.6729022264480591,0.7920821309089661,0.5402546525001526,0.7717309594154358,-0.8606390357017517,0.7910621762275696
19,0.37075188755989075,0.6856507062911987,-0.7594143152236938,0.9644280672073364,0.3395528197288513,0.6084828972816467,-0.4592348337173462,0.9934073090553284,0.3514692187309265,0.8488823175430298,-0.5112890005111694,0.982274055480957,0.4696131646633148,0.461288183927536,-0.2536207139492035,0.9943612217903137,0.5091623663902283,0.9996659159660339,-0.2675665020942688,0.9854220747947693,0.7177522778511047,0.2988106608390808,-0.3765619993209839,0.9253841042518616,0.8035416007041931,1.029460072517395,-0.5429379343986511,0.8793674111366272,0.6509865522384644,0.6187801361083984,-0.8072671890258789,0.886378288269043,0.623620867729187,0.7616658806800842,-0.9752723574638367,0.8831374049186707,0.6379987001419067,0.6875558495521545,-0.8852243423461914,0.8049664497375488,0.5879015326499939,0.721317708492279,-1.0389411449432373,0.810086190700531,0.5858875513076782,0.6872064471244812,-0.824137270450592,0.8167253732681274,0.5510604977607727,0.7489733695983887,-0.9879990816116333,0.8086179494857788,0.5893526077270508,0.67582768201828,-0.7845314145088196,0.7960958480834961,0.5602296590805054,0.7615257501602173,-0.9546821713447571,0.8007667660713196
20,0.37040042877197266,0.6786089539527893,-0.8008936643600464,0.9679577946662903,0.33935683965682983,0.607663094997406,-0.49922293424606323,0.9940505027770996,0.3510476350784302,0.8469960689544678,-0.5565539002418518,0.9840179085731506,0.46975740790367126,0.4643438160419464,-0.3001130521297455,0.9949167966842651,0.5091097354888916,0.9994901418685913,-0.29865512251853943,0.9868318438529968,0.7175867557525635,0.2988945245742798,-0.43606677651405334,0.9308730959892273,0.8056503534317017,1.0306512117385864,-0.5615813732147217,0.8883407115936279,0.6524680256843567,0.6248043775558472,-0.8190053701400757,0.8911459445953369,0.6244895458221436,0.7695148587226868,-0.9634200930595398,0.8910579681396484,0.6356112360954285,0.6895819306373596,-0.8875335454940796,0.8074718713760376,0.5883004665374756,0.7241421341896057,-1.0237386226654053,0.8158482313156128,0.5903188586235046,0.6890197396278381,-0.8212812542915344,0.8186298608779907,0.5549460649490356,0.7498410940170288,-0.9690921902656555,0.8135037422180176,0.5958148241043091,0.6773240566253662,-0.7926737666130066,0.7966174483299255,0.5654422640800476,0.763022243976593,-0.9417400360107422,0.8047438263893127
21,0.37111079692840576,0.6804081797599792,-0.7596107721328735,0.9710999131202698,0.34019288420677185,0.6056665182113647,-0.4793075621128082,0.9946030974388123,0.35099002718925476,0.8439199328422546,-0.5436174273490906,0.9855558276176453,0.4700479507446289,0.46442848443984985,-0.27889135479927063,0.9953916072845459,0.5090317130088806,0.9988552331924438,-0.27199360728263855,0.9880868792533875,0.7176982760429382,0.2951482832431793,-0.43370118737220764,0.9345337748527527,0.8056579232215881,1.031425952911377,-0.5328783392906189,0.8946734070777893,0.6409510970115662,0.6389751434326172,-0.755914032459259,0.8916217684745789,0.6138198971748352,0.7691546678543091,-0.8644199371337891,0.8967733383178711,0.596415638923645,0.6947094202041626,-0.7953033447265625,0.8035025596618652,0.5546968579292297,0.7243948578834534,-0.9037332534790039,0.8170859813690186,0.5628718733787537,0.6899452805519104,-0.7036413550376892,0.8139766454696655,0.5256919860839844,0.7621983885765076,-0.8291641473770142,0.8131650686264038,0.5755676627159119,0.6780256628990173,-0.7151052951812744,0.7887693643569946,0.5440314412117004,0.7683677673339844,-0.8329021334648132,0.8026164174079895
22,0.371719092130661,0.6774653792381287,-0.7623828053474426,0.9736965894699097,0.3403697609901428,0.6050138473510742,-0.4699269235134125,0.9950085878372192,0.3507538437843323,0.8425411581993103,-0.5150573253631592,0.9868097305297852,0.46999138593673706,0.4643547832965851,-0.2810252904891968,0.9957694411277771,0.5089542269706726,0.9961671233177185,-0.2644813358783722,0.9891683459281921,0.7181900143623352,0.2941991984844208,-0.49115556478500366,0.9363348484039307,0.8037720918655396,1.0100675821304321,-0.5652363896369934,0.9004385471343994,0.630004346370697,0.6516607999801636,-0.8509973883628845,0.891329824924469,0.5912708044052124,0.7657857537269592,-0.9434740543365479,0.9023875594139099,0.5808544754981995,0.7177757024765015,-0.9100030660629272,0.801670253276825,0.5192633271217346,0.7331357002258301,-0.9917020797729492,0.8212753534317017,0.5437942743301392,0.6942811608314514,-0.8174237608909607,0.8109027743339539,0.49420806765556335,0.7719546556472778,-0.9269871115684509,0.8161634206771851,0.558718740940094,0.67957603931427,-0.8138734102249146,0.7827768921852112,0.5153931975364685,0.7729068398475647,-0.9187811613082886,0.8043228983879089
23,0.37308236956596375,0.6772106885910034,-0.7983191609382629,0.97613525390625,0.34057462215423584,0.6015203595161438,-0.4871492385864258,0.9954163432121277,0.3506518006324768,0.8433093428611755,-0.5298284292221069,0.9879785180091858,0.4699043035507202,0.46450093388557434,-0.30840402841567993,0.9961268901824951,0.5086906552314758,0.9971201419830322,-0.2886894643306732,0.9900838732719421,0.7180206179618835,0.29318827390670776,-0.5082675218582153,0.9393835663795471,0.8039986491203308,1.0134000778198242,-0.590232789516449,0.9053133726119995,0.6254457235336304,0.6560096740722656,-0.8544845581054688,0.8967682123184204,0.585739016532898,0.7662807703018188,-0.9654281139373779,0.9081270694732666,0.5763204097747803,0.7216991782188416,-0.9086000919342041,0.8093512654304504,0.5150641798973083,0.7472836971282959,-1.012858271598816,0.8262171745300293,0.5401633381843567,0.6964604258537292,-0.8171398639678955,0.8175052404403687,0.4876602292060852,0.7890806794166565,-0.9403007626533508,0.8196778893470764,0.555094838142395,0.680651843547821,-0.8154606223106384,0.7874740362167358,0.5096770524978638,0.787066638469696,-0.9364134669303894,0.8054285645484924
24,0.3730873763561249,0.6787171363830566,-0.7116519808769226,0.9783421754837036,0.34046250581741333,0.6021601557731628,-0.4289880096912384,0.9957821369171143,0.34961608052253723,0.8439128398895264,-0.4342646896839142,0.9890286326408386,0.46987879276275635,0.4644415080547333,-0.26576027274131775,0.9964480400085449,0.5086192488670349,0.9962007999420166,-0.2134525030851364,0.9909490346908569,0.7176754474639893,0.2896523177623749,-0.46581995487213135,0.9417968392372131,0.803772509098053,1.0150171518325806,-0.5140280723571777,0.9097914099693298,0.6229098439216614,0.6596964001655579,-0.7435322403907776,0.8960385322570801,0.5848580598831177,0.7665610313415527,-0.8720703721046448,0.9117670059204102,0.5742815732955933,0.7242580652236938,-0.7881825566291809,0.8046241998672485,0.5181576013565063,0.7472788691520691,-0.9172089099884033,0.8263657689094543,0.5379185080528259,0.6981358528137207,-0.6950501799583435,0.811921238899231,0.48907992243766785,0.7888274788856506,-0.8442915081977844,0.8183964490890503,0.5524923205375671,0.6820735335350037,-0.7027501463890076,0.7787816524505615,0.5105384588241577,0.7871019244194031,-0.8432003259658813,0.8023335337638855
25,0.373064249753952,0.6827961802482605,-0.8560342788696289,0.9804447293281555,0.3391222059726715,0.6026467680931091,-0.5750146508216858,0.9961803555488586,0.34954437613487244,0.8442977070808411,-0.5711039900779724,0.990075945854187,0.4696441888809204,0.45981013774871826,-0.3585759103298187,0.9967676997184753,0.5089303255081177,0.9927390813827515,-0.3020217716693878,0.9917757511138916,0.7175520658493042,0.2889082431793213,-0.5600093603134155,0.9446268677711487,0.8037797808647156,1.0130114555358887,-0.6034343242645264,0.9145837426185608,0.6294542551040649,0.6540110111236572,-0.9284302592277527,0.8953078389167786,0.5932150483131409,0.7663785815238953,-1.0433584451675415,0.9156166315078735,0.5854176878929138,0.7203136682510376,-0.9883707165718079,0.8010397553443909,0.5338538289070129,0.7465993165969849,-1.102972149848938,0.8295302987098694,0.5513379573822021,0.6963092684745789,-0.9083623290061951,0.8082401156425476,0.5082463622093201,0.7843101024627686,-1.040360450744629,0.8210919499397278,0.5609610080718994,0.6809043288230896,-0.8958383202552795,0.772705614566803,0.5239718556404114,0.7837489247322083,-1.02035653591156,0.8037640452384949
26,0.3730061948299408,0.6877819895744324,-0.9614545702934265,0.9823169112205505,0.3389227092266083,0.6030614376068115,-0.6834600567817688,0.9965247511863708,0.3487015962600708,0.8445674777030945,-0.6805846691131592,0.9910032153129578,0.46928662061691284,0.4578888714313507,-0.4432448446750641,0.9970518946647644,0.5088151693344116,0.9929860234260559,-0.39531776309013367,0.9925370216369629,0.7176883816719055,0.2892993688583374,-0.6462447643280029,0.9472349882125854,0.8036128878593445,1.0131018161773682,-0.7011935710906982,0.919428825378418,0.6337107419967651,0.65007084608078,-1.0295491218566895,0.8941973447799683,0.5939512252807617,0.7632248997688293,-1.1516956090927124,0.9194572567939758,0.5962285399436951,0.7179520130157471,-1.0938109159469604,0.797532856464386,0.5345640182495117,0.7411404848098755,-1.2125290632247925,0.8329534530639648,0.5614527463912964,0.6950333118438721,-1.0122270584106445,0.8045338988304138,0.5084893107414246,0.7758358716964722,-1.1505494117736816,0.8240089416503906,0.5687695741653442,0.6797853112220764,-0.9964259266853333,0.7664170265197754,0.5241202116012573,0.7781636118888855,-1.1289951801300049,0.8054537773132324
27,0.37128952145576477,0.6900879740715027,-0.8213930130004883,0.9840289354324341,0.3389177918434143,0.6034134030342102,-0.5728777050971985,0.9968340396881104,0.34746477007865906,0.8441340327262878,-0.5536257028579712,0.991847813129425,0.46932265162467957,0.4579654037952423,-0.3723941147327423,0.9973165988922119,0.5086216926574707,0.9930211901664734,-0.30427438020706177,0.9932360053062439,0.7176450490951538,0.28969764709472656,-0.4949541687965393,0.9497343301773071,0.8033584952354431,1.0103886127471924,-0.5229843258857727,0.9243135452270508,0.6344271898269653,0.6469743847846985,-0.8385862112045288,0.8956261873245239,0.6020556092262268,0.7622256875038147,-0.9002249240875244,0.9243890047073364,0.598612904548645,0.7132111191749573,-0.9008452892303467,0.7980638742446899,0.5423663258552551,0.7303099632263184,-0.9548290371894836,0.8396039605140686,0.5611174702644348,0.6933070421218872,-0.8242235779762268,0.8048954010009766,0.5125616788864136,0.7667627334594727,-0.8982935547828674,0.830633819103241,0.5690230131149292,0.6795834302902222,-0.8073186278343201,0.7658364772796631,0.528684675693512,0.773228645324707,-0.8775987029075623,0.8119274377822876
28,0.36857059597969055,0.6901824474334717,-0.8938894867897034,0.985607922077179,0.3388708233833313,0.6035775542259216,-0.6027576327323914,0.9971378445625305,0.3451932966709137,0.8430803418159485,-0.6300283670425415,0.9926466345787048,0.469402015209198,0.46368125081062317,-0.3864681124687195,0.9975771307945251,0.5077430009841919,0.9914156198501587,-0.36705008149147034,0.9938903450965881,0.7160873413085938,0.29074573516845703,-0.5522013902664185,0.953715980052948,0.8034935593605042,1.0108506679534912,-0.6130989193916321,0.9299880862236023,0.6349964141845703,0.6456262469291687,-0.9706040620803833,0.9016599059104919,0.6123306155204773,0.7681593298912048,-1.0566240549087524,0.9297454357147217,0.6118401288986206,0.7130849361419678,-1.0533764362335205,0.8069062232971191,0.5660765171051025,0.7302521467208862,-1.1292870044708252,0.8480890989303589,0.5687940716743469,0.6962104439735413,-0.9791576862335205,0.8133876919746399,0.5344982147216797,0.7642759680747986,-1.0790555477142334,0.8394771218299866,0.57496178150177,0.6808884739875793,-0.9418632388114929,0.77450031042099,0.5469585061073303,0.7723938822746277,-1.0378479957580566,0.8208900690078735
29,0.3685080409049988,0.6932900547981262,-0.8560106754302979,0.9869507551193237,0.3395662009716034,0.6036608815193176,-0.5712897777557373,0.9973627924919128,0.3449074923992157,0.8432209491729736,-0.5907151103019714,0.9932711124420166,0.4694206416606903,0.46668747067451477,-0.37595489621162415,0.9977903962135315,0.5077065825462341,0.9922356605529785,-0.3378065824508667,0.994437575340271,0.7134615778923035,0.29264140129089355,-0.5352486371994019,0.9561864137649536,0.8038722276687622,1.0110728740692139,-0.5999901294708252,0.9336912631988525,0.624695360660553,0.6625328063964844,-0.856043815612793,0.905316174030304,0.6065007448196411,0.7681861519813538,-0.955712616443634,0.9334703683853149,0.5895456671714783,0.726306676864624,-0.9034684300422668,0.8103216290473938,0.5558410882949829,0.7306589484214783,-0.9988563060760498,0.8512290120124817,0.5554745197296143,0.7118801474571228,-0.8116419911384583,0.8160517811775208,0.526390790939331,0.7648242115974426,-0.9290932416915894,0.8418699502944946,0.5661928653717041,0.6963316202163696,-0.814307451248169,0.7762834429740906,0.5428153276443481,0.7725948095321655,-0.9267168641090393,0.822654664516449
30,0.36821499466896057,0.6956144571304321,-0.698773980140686,0.9881766438484192,0.33946579694747925,0.6042684316635132,-0.43166986107826233,0.997584342956543,0.3455820083618164,0.843191385269165,-0.42424067854881287,0.9938734173774719,0.4694291353225708,0.4633352756500244,-0.2733016312122345,0.99796462059021,0.5077804923057556,0.9923505783081055,-0.20403656363487244,0.9949409365653992,0.7135513424873352,0.29271775484085083,-0.4761185944080353,0.9576807618141174,0.801321804523468,1.0097107887268066,-0.5010697245597839,0.9362685680389404,0.6151447296142578,0.6622847318649292,-0.7782201766967773,0.9068989157676697,0.5926790237426758,0.7694485783576965,-0.8764954805374146,0.9361452460289001,0.5716505646705627,0.7309070825576782,-0.8277165293693542,0.811151385307312,0.5297185182571411,0.7501740455627441,-0.9262009263038635,0.8530777096748352,0.5380637645721436,0.7151582837104797,-0.7372573018074036,0.8161617517471313,0.5007928609848022,0.7908298969268799,-0.8588393330574036,0.842944324016571,0.551934003829956,0.6971237063407898,-0.7399442195892334,0.7754731774330139,0.5198954343795776,0.7911636233329773,-0.8512590527534485,0.823295533657074
31,0.3689355254173279,0.7014647722244263,-0.7160079479217529,0.9891275763511658,0.3393116891384125,0.6044698357582092,-0.49820616841316223,0.9977059960365295,0.3454846441745758,0.8428325057029724,-0.46490350365638733,0.9942705631256104,0.46885865926742554,0.46337273716926575,-0.3314991295337677,0.9980795979499817,0.5062981843948364,0.9924318790435791,-0.2432839274406433,0.9953678846359253,0.7135384678840637,0.2927880883216858,-0.5350918173789978,0.9584420323371887,0.7994956374168396,1.0088342428207397,-0.541412353515625,0.9373615384101868,0.609376847743988,0.6619067788124084,-0.7989882826805115,0.9059021472930908,0.5822212100028992,0.7753131985664368,-0.9017983675003052,0.9377378225326538,0.5638090968132019,0.7305358052253723,-0.8453230261802673,0.8078164458274841,0.5182575583457947,0.763401210308075,-0.9563544988632202,0.8526269197463989,0.5294398069381714,0.7150890827178955,-0.7681753039360046,0.8120830655097961,0.4892270863056183,0.8040989637374878,-0.8895557522773743,0.8414964079856873,0.5435348749160767,0.6970593929290771,-0.7416203022003174,0.769824743270874,0.5075777173042297,0.8036037087440491,-0.8786023855209351,0.8209208846092224
32,0.36892223358154297,0.7035173177719116,-0.6695120334625244,0.990042507648468,0.339260071516037,0.6048548817634583,-0.4360680878162384,0.9978528618812561,0.34544622898101807,0.8428875207901001,-0.4110811650753021,0.9946785569190979,0.46920400857925415,0.46331465244293213,-0.279975563287735,0.9981977939605713,0.506374180316925,0.9928627014160156,-0.19540010392665863,0.995741069316864,0.7134822607040405,0.2880140244960785,-0.4746991693973541,0.9591517448425293,0.7984732389450073,1.0090082883834839,-0.4928169250488281,0.9378877282142639,0.6095214486122131,0.6614885330200195,-0.7304261326789856,0.9049137830734253,0.5806911587715149,0.7786067128181458,-0.8446358442306519,0.9376348257064819,0.5628067851066589,0.730316698551178,-0.7722317576408386,0.8042927384376526,0.5175115466117859,0.7694194316864014,-0.8864630460739136,0.8484237790107727,0.5298675894737244,0.7150233387947083,-0.6769189238548279,0.8079221248626709,0.49024760723114014,0.8070128560066223,-0.8127246499061584,0.8358283042907715,0.5434734225273132,0.6968900561332703,-0.6863671541213989,0.7642068862915039,0.5085050463676453,0.8069441914558411,-0.8167017102241516,0.8142964243888855
33,0.3677598237991333,0.7082328796386719,-0.6017067432403564,0.9908663034439087,0.3386334776878357,0.6065264940261841,-0.36227288842201233,0.9979540705680847,0.3454360067844391,0.843145489692688,-0.34161898493766785,0.9950454235076904,0.4693758189678192,0.4631480276584625,-0.21789152920246124,0.9983023405075073,0.5067589282989502,0.9916056394577026,-0.15093539655208588,0.9960559606552124,0.7128857374191284,0.28497177362442017,-0.38219037652015686,0.9597292542457581,0.7989444732666016,1.0024760961532593,-0.4167943298816681,0.9387272596359253,0.6118752956390381,0.6600596904754639,-0.64028400182724,0.9023919105529785,0.5811153054237366,0.7758448123931885,-0.7541354894638062,0.9384998083114624,0.563880205154419,0.7286218404769897,-0.6828709840774536,0.7988576889038086,0.5183050036430359,0.7659708857536316,-0.7982057332992554,0.8477477431297302,0.5336551666259766,0.7133998274803162,-0.5955632328987122,0.8022152781486511,0.49399057030677795,0.8027324676513672,-0.731230616569519,0.8345102667808533,0.5454060435295105,0.6960354447364807,-0.6021360754966736,0.757116973400116,0.5127805471420288,0.8026690483093262,-0.728092610836029,0.8123646378517151
34,0.3661861717700958,0.708103358745575,-0.6726062893867493,0.9917207360267639,0.33648136258125305,0.6070188879966736,-0.41319143772125244,0.9981316328048706,0.3453308045864105,0.8428792357444763,-0.40574169158935547,0.995499849319458,0.4694908559322357,0.45581725239753723,-0.2414318025112152,0.9984320998191833,0.5065958499908447,0.9900147318840027,-0.19645145535469055,0.9963855743408203,0.7134435772895813,0.28518927097320557,-0.4095037877559662,0.9609637260437012,0.7985828518867493,1.0000146627426147,-0.47324275970458984,0.9408864974975586,0.6213330626487732,0.641563892364502,-0.7396376729011536,0.9042248725891113,0.5925687551498413,0.772300124168396,-0.8670893311500549,0.9411484003067017,0.5839967727661133,0.7084375023841858,-0.7986883521080017,0.8022280335426331,0.5310018658638,0.7530637979507446,-0.9235812425613403,0.8520520329475403,0.5505161881446838,0.6931544542312622,-0.7215171456336975,0.8058387637138367,0.5053441524505615,0.787125825881958,-0.8640254139900208,0.8389517664909363,0.5572949647903442,0.6793510317802429,-0.7087268829345703,0.7604050040245056,0.5242908000946045,0.7905500531196594,-0.8450738787651062,0.8169914484024048
35,0.364730566740036,0.7101269960403442,-0.8700580596923828,0.9924890995025635,0.3363873064517975,0.607137143611908,-0.6044856309890747,0.9982892274856567,0.34524258971214294,0.8430873155593872,-0.5855753421783447,0.995910108089447,0.4694448709487915,0.4516669809818268,-0.3915696442127228,0.9985417127609253,0.5073192715644836,0.9889283180236816,-0.3369935154914856,0.9966896772384644,0.7134473323822021,0.2875027656555176,-0.6047223806381226,0.9624652862548828,0.7987030744552612,0.9952690005302429,-0.6275118589401245,0.943490207195282,0.6215016841888428,0.6392088532447815,-1.01577889919281,0.9067354798316956,0.5999481678009033,0.7696364521980286,-1.0835710763931274,0.944334864616394,0.584003746509552,0.7007410526275635,-1.0826308727264404,0.8067396283149719,0.536642849445343,0.7399538159370422,-1.1490329504013062,0.858801543712616,0.5495336651802063,0.6907320618629456,-1.0022944211959839,0.8101886510848999,0.5074867010116577,0.7743546962738037,-1.083215594291687,0.8460558652877808,0.557368278503418,0.6770616173744202,-0.9840168356895447,0.7644873857498169,0.5272374749183655,0.7805907130241394,-1.059232234954834,0.8241150379180908
36,0.3633500337600708,0.7099899649620056,-0.8773938417434692,0.9932073950767517,0.3363175690174103,0.6065046787261963,-0.6082740426063538,0.9984424710273743,0.34511855244636536,0.8431283831596375,-0.613628089427948,0.9962948560714722,0.4695901870727539,0.45448821783065796,-0.3968391418457031,0.9986686706542969,0.506711483001709,0.9884061217308044,-0.35372546315193176,0.996982216835022,0.7133902311325073,0.28918522596359253,-0.5846772789955139,0.964938223361969,0.7994740009307861,0.9959349632263184,-0.627143919467926,0.9467129707336426,0.6263951659202576,0.6312435865402222,-0.9748398065567017,0.9122262597084045,0.6074731349945068,0.7729261517524719,-1.0599215030670166,0.9479132294654846,0.5962688326835632,0.6941574811935425,-1.046121597290039,0.816947340965271,0.5559290051460266,0.7385634779930115,-1.1247879266738892,0.8665186166763306,0.5584086775779724,0.6905392408370972,-0.9670867919921875,0.82039874792099,0.5233960151672363,0.7728555798530579,-1.065842866897583,0.8544845581054688,0.5668032765388489,0.6771709322929382,-0.9428883790969849,0.7757586240768433,0.5392839312553406,0.779723584651947,-1.0373953580856323,0.8331577777862549
37,0.3618696928024292,0.7096327543258667,-0.751358687877655,0.9937635660171509,0.3356782793998718,0.6065062880516052,-0.4916283190250397,0.9985188245773315,0.3448714017868042,0.8431600332260132,-0.4809955060482025,0.9965503215789795,0.46944111585617065,0.4535450041294098,-0.3191879391670227,0.9987338185310364,0.5055239796638489,0.9893761277198792,-0.2487705647945404,0.997207760810852,0.7147490978240967,0.2901553809642792,-0.5068274140357971,0.9649149775505066,0.8005365133285522,0.9965189695358276,-0.5343763828277588,0.947537362575531,0.6156390905380249,0.6447154879570007,-0.7965631484985352,0.9121724367141724,0.5924145579338074,0.7728357911109924,-0.9100543856620789,0.9487449526786804,0.569719135761261,0.7096268534660339,-0.8412848711013794,0.8154595494270325,0.5269214510917664,0.7442429065704346,-0.956577718257904,0.8654284477233887,0.5365889668464661,0.7017603516578674,-0.7467846274375916,0.818391740322113,0.5023544430732727,0.7783012390136719,-0.8832407593727112,0.8527081608772278,0.5516143441200256,0.6845547556877136,-0.7562673687934875,0.7726359367370605,0.5214809775352478,0.7835472822189331,-0.881738543510437,0.8309859037399292
38,0.3619638681411743,0.7094997763633728,-0.7086974382400513,0.9943295121192932,0.33550453186035156,0.6064431667327881,-0.4658866226673126,0.9986339211463928,0.34306418895721436,0.8394752740859985,-0.44221994280815125,0.996842086315155,0.46942970156669617,0.45359140634536743,-0.2937467396259308,0.9988141059875488,0.5051104426383972,0.9865493178367615,-0.22107234597206116,0.9974457621574402,0.7146631479263306,0.289430171251297,-0.4861454963684082,0.9664430022239685,0.8000836968421936,0.9972497820854187,-0.5119488835334778,0.9495788216590881,0.6111932396888733,0.6504157185554504,-0.7712368369102478,0.9149219989776611,0.589453399181366,0.7736343741416931,-0.8869237899780273,0.9507721066474915,0.5629400014877319,0.722906231880188,-0.8175920248031616,0.8189586400985718,0.5247913599014282,0.7583754658699036,-0.9355195164680481,0.8683153986930847,0.5293567776679993,0.7120907306671143,-0.7240890860557556,0.8214214444160461,0.498314768075943,0.7966814637184143,-0.8626502156257629,0.8553526401519775,0.5433542728424072,0.6918061971664429,-0.731272280216217,0.7759026288986206,0.516503095626831,0.7967002391815186,-0.8589740991592407,0.8337869048118591
39,0.36216965317726135,0.7101849913597107,-0.6508827805519104,0.9948149919509888,0.33518362045288086,0.6061948537826538,-0.3981838822364807,0.9987210035324097,0.34251898527145386,0.8389987945556641,-0.3788124620914459,0.997080385684967,0.46929118037223816,0.45367446541786194,-0.24018317461013794,0.9988818764686584,0.5047666430473328,0.9856207966804504,-0.16723640263080597,0.9976359605789185,0.714658796787262,0.2887614369392395,-0.42637506127357483,0.9679141640663147,0.8003345727920532,0.9973545670509338,-0.45722901821136475,0.9500399827957153,0.6100263595581055,0.650566041469574,-0.7076776623725891,0.9180469512939453,0.5883680582046509,0.7765363454818726,-0.8382242918014526,0.9521232843399048,0.563680112361908,0.7265984416007996,-0.7586274743080139,0.8239597082138062,0.524164617061615,0.7700556516647339,-0.8902949690818787,0.8697859644889832,0.5295737385749817,0.7151941061019897,-0.6668643951416016,0.8262636661529541,0.4969337582588196,0.8080469369888306,-0.8228241801261902,0.8565043210983276,0.5431970357894897,0.694177508354187,-0.668472170829773,0.7811334133148193,0.5152826905250549,0.804442286491394,-0.8129826784133911,0.83493971824646
40,0.3621164858341217,0.7088255882263184,-0.6183856725692749,0.9951636791229248,0.3351081907749176,0.6062332987785339,-0.3610244393348694,0.9987525939941406,0.3412255644798279,0.8374610543251038,-0.3497390151023865,0.9972227811813354,0.46826571226119995,0.45391517877578735,-0.20992399752140045,0.9989193081855774,0.5046399235725403,0.9850093126296997,-0.14103825390338898,0.997793972492218,0.7146358489990234,0.2887302041053772,-0.40010306239128113,0.9680435061454773,0.8002477288246155,0.9996172785758972,-0.44159072637557983,0.95009446144104,0.6092542409896851,0.6517802476882935,-0.6871864199638367,0.9187613725662231,0.5867694020271301,0.7765067219734192,-0.824032723903656,0.9528981447219849,0.5646916627883911,0.7273173928260803,-0.7395560145378113,0.8255647420883179,0.5221756100654602,0.7703457474708557,-0.8743455410003662,0.8702473640441895,0.5293653011322021,0.7154222726821899,-0.6470239162445068,0.8275924921035767,0.49448105692863464,0.809035062789917,-0.8064716458320618,0.8565359115600586,0.5426772832870483,0.6945949792861938,-0.6479451060295105,0.7819998264312744,0.5138307809829712,0.8055490255355835,-0.7985622882843018,0.8345634341239929
41,0.3619770407676697,0.7087839841842651,-0.6336196660995483,0.9955533742904663,0.33502691984176636,0.6063177585601807,-0.3678867518901825,0.9988227486610413,0.3409610092639923,0.837463915348053,-0.36661913990974426,0.9974252581596375,0.4676433205604553,0.45400089025497437,-0.19949577748775482,0.9989740252494812,0.5045521855354309,0.9861962199211121,-0.15688230097293854,0.9979538321495056,0.7147884964942932,0.2887671887874603,-0.3856927454471588,0.9681103825569153,0.8002522587776184,0.9999344348907471,-0.4453114867210388,0.9509884715080261,0.6121068596839905,0.6464141607284546,-0.700266420841217,0.9186116456985474,0.587132453918457,0.7690669894218445,-0.8208267092704773,0.9542864561080933,0.5707327723503113,0.7174491882324219,-0.7543853521347046,0.8258285522460938,0.5230267643928528,0.7516971826553345,-0.8719397187232971,0.8725178837776184,0.5297000408172607,0.7049471735954285,-0.6669250130653381,0.8278941512107849,0.49518558382987976,0.7863592505455017,-0.8063994646072388,0.8588265776634216,0.5431604981422424,0.6873936653137207,-0.6639285683631897,0.7818648219108582,0.5142486095428467,0.7891161441802979,-0.7954622507095337,0.836804211139679
42,0.3591153025627136,0.7089210152626038,-0.7919936776161194,0.9959521889686584,0.3346936106681824,0.6065351366996765,-0.515264630317688,0.9989150166511536,0.34048992395401,0.8375038504600525,-0.5285066962242126,0.9976409077644348,0.46774834394454956,0.45408713817596436,-0.3108727037906647,0.9990459084510803,0.5042977333068848,0.9884551763534546,-0.28092753887176514,0.9981061816215515,0.7165239453315735,0.29143527150154114,-0.4922736585140228,0.9692314863204956,0.8001810312271118,0.999295711517334,-0.5630794763565063,0.9524086713790894,0.6238719820976257,0.6227645874023438,-0.8611136078834534,0.9219198822975159,0.5947408080101013,0.7688758969306946,-0.9681215286254883,0.9559535384178162,0.592664361000061,0.6973972320556641,-0.9270034432411194,0.8327116966247559,0.531523585319519,0.7425094842910767,-1.0268727540969849,0.8763125538825989,0.5460014343261719,0.6836574673652649,-0.8456554412841797,0.8348839282989502,0.5005659461021423,0.7775298953056335,-0.9644313454627991,0.8629549145698547,0.5548102855682373,0.6702286601066589,-0.8284358978271484,0.7895002961158752,0.5202962160110474,0.7830133438110352,-0.944313108921051,0.8411235809326172
43,0.35854920744895935,0.7097808122634888,-0.9101877808570862,0.996334433555603,0.3356075584888458,0.6035315990447998,-0.6500743627548218,0.9990084767341614,0.33990904688835144,0.8375327587127686,-0.634340226650238,0.9978595972061157,0.46866893768310547,0.4541720151901245,-0.4339950978755951,0.9991157650947571,0.5021075010299683,0.9843778014183044,-0.35932064056396484,0.9982717633247375,0.7171370387077332,0.29188334941864014,-0.6447286605834961,0.9709184169769287,0.8007621765136719,1.0012071132659912,-0.656615138053894,0.954788327217102,0.6277219653129578,0.6221492290496826,-1.0440014600753784,0.9248763918876648,0.6019262075424194,0.7735887169837952,-1.1300990581512451,0.9581667184829712,0.5961390733718872,0.6968921422958374,-1.114417552947998,0.8378211259841919,0.544646680355072,0.7427273392677307,-1.1984704732894897,0.8815106153488159,0.5528427958488464,0.6853325963020325,-1.0307902097702026,0.8400604128837585,0.5148769617080688,0.7776044011116028,-1.133644938468933,0.8686372637748718,0.5619867444038391,0.6714312434196472,-1.0097647905349731,0.7946510910987854,0.5309937596321106,0.783596932888031,-1.1060612201690674,0.8469506502151489
44,0.35597556829452515,0.7092997431755066,-0.8880465030670166,0.9966781735420227,0.3347655236721039,0.6034498810768127,-0.6200700402259827,0.9990934729576111,0.3393813967704773,0.8374932408332825,-0.6066012978553772,0.9980525374412537,0.4686722457408905,0.4529154598712921,-0.41892242431640625,0.9991822242736816,0.5020121335983276,0.9821411967277527,-0.32925787568092346,0.9984222054481506,0.7180181741714478,0.2927655875682831,-0.6149285435676575,0.9720731973648071,0.8022537231445312,1.0018311738967896,-0.6286567449569702,0.9563309550285339,0.6241344213485718,0.6227325201034546,-0.9812760949134827,0.9278271794319153,0.6013695001602173,0.7795230150222778,-1.112865924835205,0.9598360061645508,0.5882996320724487,0.6983109712600708,-1.0483982563018799,0.8428409099578857,0.5416362285614014,0.7560011744499207,-1.176769733428955,0.8850390911102295,0.5481688380241394,0.6862150430679321,-0.9621593356132507,0.8448150753974915,0.5119351148605347,0.7921102643013,-1.116590142250061,0.8723123073577881,0.558624804019928,0.6715633273124695,-0.9451892375946045,0.7995012998580933,0.5286633968353271,0.7937171459197998,-1.091140627861023,0.8506262898445129
45,0.3547917604446411,0.7099609375,-0.7995493412017822,0.996972918510437,0.3339473307132721,0.6034926772117615,-0.5472511649131775,0.9991587400436401,0.33802101016044617,0.8362196087837219,-0.5175278782844543,0.9982044100761414,0.46866124868392944,0.45297953486442566,-0.35000795125961304,0.9992318749427795,0.5018888711929321,0.9807341694831848,-0.26380935311317444,0.998547375202179,0.7179744839668274,0.29256078600883484,-0.5371326208114624,0.9728944301605225,0.8022066950798035,1.0030088424682617,-0.5398053526878357,0.9573186635971069,0.6154306530952454,0.6267209649085999,-0.8893769383430481,0.9289839863777161,0.5979268550872803,0.7866405248641968,-0.9954288005828857,0.9601626992225647,0.5780708193778992,0.7056153416633606,-0.9497737288475037,0.8434252738952637,0.5396355390548706,0.7707953453063965,-1.053845763206482,0.8851011991500854,0.540154218673706,0.694753110408783,-0.8628711104393005,0.845023512840271,0.5090588927268982,0.8074510097503662,-0.9935880303382874,0.8722861409187317,0.5505931973457336,0.6767721772193909,-0.8524240851402283,0.8000052571296692,0.5249590277671814,0.8061695098876953,-0.9740323424339294,0.850623607635498
46,0.3544524013996124,0.7099389433860779,-0.7459396719932556,0.9972537159919739,0.33262068033218384,0.6037881970405579,-0.501181960105896,0.9992304444313049,0.33778128027915955,0.8362002968788147,-0.46897202730178833,0.9983590245246887,0.4673440158367157,0.4529973566532135,-0.3154257833957672,0.9992910027503967,0.5019158720970154,0.9796814918518066,-0.22631631791591644,0.9986706376075745,0.7166308164596558,0.2922765612602234,-0.5047047138214111,0.9739273190498352,0.8017882108688354,1.0034170150756836,-0.5059875249862671,0.9587218761444092,0.6101710200309753,0.6307999491691589,-0.8487481474876404,0.9311437606811523,0.5959953665733337,0.7953518033027649,-0.955023467540741,0.9609651565551758,0.5701447129249573,0.7128565311431885,-0.9084794521331787,0.8458148837089539,0.5385971069335938,0.783981442451477,-1.0126655101776123,0.8862046003341675,0.5354426503181458,0.7031617164611816,-0.8220445513725281,0.8469386100769043,0.5082519054412842,0.8196408152580261,-0.9552977681159973,0.8732863664627075,0.5466574430465698,0.6817677617073059,-0.8126795887947083,0.8031313419342041,0.5232682824134827,0.8159480690956116,-0.9353256821632385,0.8523082137107849
47,0.35499903559684753,0.7102771401405334,-0.6765121817588806,0.9974613189697266,0.3326554298400879,0.6040070056915283,-0.4192997217178345,0.999266505241394,0.3377828598022461,0.8363862037658691,-0.3966216444969177,0.9984502196311951,0.46693840622901917,0.45312827825546265,-0.24172908067703247,0.9993242025375366,0.5017974376678467,0.9785027503967285,-0.1605265736579895,0.9987636804580688,0.7164689302444458,0.2922886908054352,-0.41436973214149475,0.9735111594200134,0.7994245886802673,1.003357172012329,-0.438665509223938,0.958668053150177,0.6103966236114502,0.6330550312995911,-0.7358153462409973,0.9303410053253174,0.5946199893951416,0.7944723963737488,-0.8634078502655029,0.9605533480644226,0.5704114437103271,0.7141810655593872,-0.7921926975250244,0.8440511226654053,0.5369392037391663,0.7819721102714539,-0.9170977473258972,0.8846101760864258,0.535483717918396,0.7035903334617615,-0.709631085395813,0.8450275659561157,0.5065256953239441,0.819316029548645,-0.8590018153190613,0.8714314103126526,0.5467563271522522,0.681979775428772,-0.7012575268745422,0.8010168671607971,0.5219548940658569,0.8156318664550781,-0.8428789377212524,0.8506734371185303
48,0.35559895634651184,0.7183685302734375,-0.6630630493164062,0.9976299405097961,0.33270904421806335,0.6065052151679993,-0.3993244171142578,0.9992924332618713,0.33804866671562195,0.8380415439605713,-0.38812196254730225,0.9985291957855225,0.4669416546821594,0.45300930738449097,-0.21647480130195618,0.9993427991867065,0.501762866973877,0.9796308875083923,-0.16287995874881744,0.9988238215446472,0.7161538004875183,0.290998250246048,-0.3885221481323242,0.9732754230499268,0.7977085113525391,1.0037446022033691,-0.4345646798610687,0.9580187797546387,0.616177499294281,0.6294280290603638,-0.7153536081314087,0.9282797574996948,0.5947386026382446,0.7875342965126038,-0.8343532085418701,0.9600816965103149,0.5834286212921143,0.7104735374450684,-0.7716995477676392,0.8410376310348511,0.5369205474853516,0.76472407579422,-0.8878169655799866,0.8833796381950378,0.5416321158409119,0.6990569233894348,-0.692034125328064,0.8423304557800293,0.5068485140800476,0.7981247901916504,-0.8281152844429016,0.8701834082603455,0.5510897040367126,0.6793509125709534,-0.6821647882461548,0.7977322936058044,0.523250162601471,0.8007767796516418,-0.8120421171188354,0.8492372632026672
49,0.3561076521873474,0.7216832637786865,-0.8347815275192261,0.9978177547454834,0.33290156722068787,0.6064397096633911,-0.5950115919113159,0.9993277192115784,0.3389098346233368,0.8404351472854614,-0.5666624903678894,0.9986319541931152,0.4666808843612671,0.44880250096321106,-0.3863544464111328,0.9993671178817749,0.5018095374107361,0.9777073860168457,-0.3127022087574005,0.9989013075828552,0.7163223624229431,0.29098260402679443,-0.557508647441864,0.9739089608192444,0.7979058027267456,0.9999035596847534,-0.5850953459739685,0.9590640664100647,0.6230995059013367,0.6162744760513306,-0.9079266786575317,0.9299508929252625,0.5976346731185913,0.7733471393585205,-1.0176212787628174,0.9619663953781128,0.5932557582855225,0.6917088031768799,-0.9667802453041077,0.8451874256134033,0.5390622615814209,0.7341125011444092,-1.0760146379470825,0.8886098265647888,0.5469788908958435,0.6810253262519836,-0.8843479752540588,0.8466958999633789,0.5079121589660645,0.7669015526771545,-1.0062429904937744,0.8759244680404663,0.5560872554779053,0.6666091084480286,-0.872773289680481,0.8020897507667542,0.5253672003746033,0.775068461894989,-0.9901621341705322,0.8550393581390381
50,0.35615792870521545,0.7219486236572266,-0.9388186931610107,0.9979977011680603,0.33301842212677,0.6056285500526428,-0.6868597269058228,0.9993678331375122,0.33943232893943787,0.8411334156990051,-0.6614493727684021,0.9987437129020691,0.4663766026496887,0.4482920467853546,-0.46894556283950806,0.9993999600410461,0.5016417503356934,0.9756991863250732,-0.38056808710098267,0.998986542224884,0.7163489460945129,0.29158422350883484,-0.6570414304733276,0.9752299785614014,0.7992249727249146,1.000616192817688,-0.665307343006134,0.9610865712165833,0.6240532994270325,0.6203982830047607,-1.0438621044158936,0.9331851601600647,0.6028054356575012,0.7795245051383972,-1.1423602104187012,0.9642212390899658,0.5926986336708069,0.6948322653770447,-1.1127469539642334,0.8517643809318542,0.5456488728523254,0.7369341254234314,-1.2102980613708496,0.8944529294967651,0.5491669178009033,0.6900028586387634,-1.0294990539550781,0.8533124327659607,0.5169838666915894,0.770675003528595,-1.1426388025283813,0.8823079466819763,0.558221697807312,0.6744738817214966,-1.0085172653198242,0.8088851571083069,0.532546877861023,0.7785757184028625,-1.1163246631622314,0.8616446852684021
51,0.35617542266845703,0.7217726707458496,-0.8548437356948853,0.9981454014778137,0.3329273760318756,0.6056678295135498,-0.6313520669937134,0.9994013905525208,0.33948132395744324,0.8415839672088623,-0.5649526715278625,0.9988225102424622,0.466291218996048,0.44783735275268555,-0.4331653416156769,0.9994215965270996,0.5020323395729065,0.9784210324287415,-0.28706204891204834,0.9990547299385071,0.7166576385498047,0.2926236093044281,-0.6529619097709656,0.9751942753791809,0.7993199229240417,1.0010895729064941,-0.590953528881073,0.9612593054771423,0.6168996095657349,0.6324408650398254,-0.8812991380691528,0.9337803721427917,0.5949833393096924,0.7837911248207092,-1.0642781257629395,0.9646244049072266,0.5779734253883362,0.7131638526916504,-0.9319573640823364,0.8520798087120056,0.5326806902885437,0.7589629292488098,-1.1116831302642822,0.8945187926292419,0.536543071269989,0.7011440992355347,-0.8440819382667542,0.8532879948616028,0.5017473101615906,0.7929607033729553,-1.0434372425079346,0.8820540904998779,0.5483951568603516,0.6814866662025452,-0.8423483371734619,0.8086796402931213,0.5189821124076843,0.7951887249946594,-1.0400665998458862,0.861558735370636
52,0.35544291138648987,0.7217332720756531,-0.7297129034996033,0.9983062744140625,0.3325760066509247,0.6062438488006592,-0.4786308705806732,0.9994452595710754,0.3388270437717438,0.8423069715499878,-0.43946394324302673,0.9989116787910461,0.4660903811454773,0.4500330984592438,-0.3102324306964874,0.9994521141052246,0.5032233595848083,0.9783399701118469,-0.2007407695055008,0.9991233944892883,0.7158469557762146,0.29270005226135254,-0.49601686000823975,0.9757882356643677,0.7991159558296204,1.0002833604812622,-0.47647401690483093,0.9621723294258118,0.6109407544136047,0.6448169946670532,-0.7889793515205383,0.9344120025634766,0.5851221680641174,0.786750078201294,-0.8982506990432739,0.9649678468704224,0.567121684551239,0.7244570851325989,-0.8450971245765686,0.8512457609176636,0.5244936347007751,0.7695558071136475,-0.9542659521102905,0.8942586779594421,0.5301353335380554,0.7110373377799988,-0.7600280046463013,0.8520430326461792,0.4963201582431793,0.8025243282318115,-0.8932427167892456,0.8814371824264526,0.5428952574729919,0.6917840242385864,-0.7533131837844849,0.8078854084014893,0.5121810436248779,0.8045662641525269,-0.8767222166061401,0.861143171787262
53,0.35551685094833374,0.721100389957428,-0.7026641964912415,0.998404860496521,0.3320455849170685,0.6070554256439209,-0.4474220871925354,0.9994618892669678,0.33883029222488403,0.8428652882575989,-0.4184177815914154,0.9989523887634277,0.4658123254776001,0.4504161775112152,-0.28632599115371704,0.9994580745697021,0.5043110251426697,0.9799813628196716,-0.19132012128829956,0.9991591572761536,0.7155379056930542,0.29242652654647827,-0.47532758116722107,0.9759522080421448,0.7991212010383606,1.0010592937469482,-0.4847463071346283,0.9622748494148254,0.6080849170684814,0.6508025527000427,-0.7753227949142456,0.9349547028541565,0.5851065516471863,0.7889793515205383,-0.9051637649536133,0.9651787281036377,0.5632202625274658,0.7299043536186218,-0.8319124579429626,0.8521208167076111,0.524914562702179,0.7802376747131348,-0.9609182476997375,0.8941978216171265,0.5285025835037231,0.7169987559318542,-0.7438898682594299,0.8527635335922241,0.4963230490684509,0.8157726526260376,-0.8970234394073486,0.8811490535736084,0.5414898991584778,0.6960008144378662,-0.7383135557174683,0.8085492253303528,0.5122810006141663,0.813944399356842,-0.8820974230766296,0.8608237504959106
54,0.35508719086647034,0.7209782600402832,-0.7023327350616455,0.9985204935073853,0.3319396674633026,0.6084660291671753,-0.44132259488105774,0.9994906187057495,0.33834967017173767,0.843859076499939,-0.4195069968700409,0.9990200996398926,0.46584656834602356,0.45063620805740356,-0.27761444449424744,0.9994736313819885,0.5051690340042114,0.9799889326095581,-0.19749759137630463,0.9992077350616455,0.7152203321456909,0.29182589054107666,-0.4609163701534271,0.976003885269165,0.7986935973167419,1.0011184215545654,-0.4853212237358093,0.9635322093963623,0.6085342764854431,0.6530447006225586,-0.7675855755805969,0.9343619346618652,0.5851913690567017,0.7815878391265869,-0.8790889382362366,0.9661158919334412,0.5639248490333557,0.7291916608810425,-0.8238655924797058,0.8500521779060364,0.5241286158561707,0.7681694030761719,-0.9343952536582947,0.8955808281898499,0.5285157561302185,0.7168019413948059,-0.73795485496521,0.8506074547767639,0.4962029457092285,0.8062171339988708,-0.8703335523605347,0.8824751377105713,0.5419694781303406,0.6957715749740601,-0.7319784164428711,0.8060709834098816,0.5128443837165833,0.8064440488815308,-0.8553170561790466,0.8624642491340637
55,0.35538163781166077,0.7231560349464417,-0.8010191321372986,0.9986549615859985,0.33192750811576843,0.6092838048934937,-0.5449886322021484,0.9995346665382385,0.3386552631855011,0.8470484614372253,-0.5247572660446167,0.999107301235199,0.46615976095199585,0.44834601879119873,-0.35064151883125305,0.9995134472846985,0.5049832463264465,0.9818534851074219,-0.26765960454940796,0.9992672204971313,0.7152795195579529,0.2915862798690796,-0.5230675339698792,0.9769441485404968,0.797970712184906,1.0015027523040771,-0.5438539981842041,0.9646086692810059,0.6167961359024048,0.6368100643157959,-0.8685790300369263,0.9358826875686646,0.5922406911849976,0.7743381857872009,-0.9784647822380066,0.966590940952301,0.5815250277519226,0.708096444606781,-0.9298072457313538,0.8522113561630249,0.5331740975379944,0.7455525994300842,-1.0384892225265503,0.8961761593818665,0.5448710918426514,0.6944490671157837,-0.8475803732872009,0.8529984354972839,0.5065852403640747,0.7777453064918518,-0.9729432463645935,0.8830767273902893,0.5539316534996033,0.6797261834144592,-0.8344808220863342,0.8088300824165344,0.5247007012367249,0.7848572134971619,-0.9541826844215393,0.8631308078765869
56,0.3534083366394043,0.7230321168899536,-0.8703004717826843,0.9987735748291016,0.3317456841468811,0.6092782020568848,-0.5875845551490784,0.9995699524879456,0.33828631043434143,0.8482732176780701,-0.5790709257125854,0.9991840720176697,0.4662136137485504,0.4486348032951355,-0.3721581697463989,0.9995445609092712,0.5048993229866028,0.9819188117980957,-0.30688565969467163,0.9993191361427307,0.7151369452476501,0.29099899530410767,-0.5758586525917053,0.9781500101089478,0.7988078594207764,1.0024429559707642,-0.5932663083076477,0.9661572575569153,0.6228063702583313,0.6290742754936218,-1.0077649354934692,0.938803493976593,0.6008663773536682,0.7745994329452515,-1.0906473398208618,0.968132734298706,0.591190755367279,0.6986702084541321,-1.0883029699325562,0.8586863875389099,0.5456866025924683,0.734192967414856,-1.1662362813949585,0.9008517861366272,0.5535264611244202,0.6918190717697144,-1.00901460647583,0.8596312999725342,0.5181355476379395,0.763922929763794,-1.107058048248291,0.8884125351905823,0.5624744892120361,0.6782414317131042,-0.9763606190681458,0.8160417675971985,0.5344571471214294,0.7762575745582581,-1.0690873861312866,0.8685108423233032
57,0.3497261703014374,0.7229657769203186,-0.8015059232711792,0.9988842010498047,0.3312363922595978,0.6092811822891235,-0.539162278175354,0.9996059536933899,0.33803024888038635,0.8490168452262878,-0.5113417506217957,0.9992548823356628,0.4664168953895569,0.449770450592041,-0.3474205434322357,0.9995777010917664,0.5049059391021729,0.9804145097732544,-0.26129254698753357,0.9993674159049988,0.714858889579773,0.2916286587715149,-0.5162087082862854,0.9791991114616394,0.8011160492897034,1.004792332649231,-0.5224229097366333,0.9675882458686829,0.6227577328681946,0.6353611350059509,-0.889234185218811,0.941543698310852,0.601432204246521,0.7791786193847656,-0.9877959489822388,0.9696707129478455,0.5873264074325562,0.7011837363243103,-0.9608103632926941,0.8636965155601501,0.544765055179596,0.7369979023933411,-1.0593466758728027,0.9049658179283142,0.5533532500267029,0.697475790977478,-0.8939648270606995,0.8647550344467163,0.5172353386878967,0.7691885828971863,-1.0086568593978882,0.8930543065071106,0.5619239211082458,0.6835882663726807,-0.8602089285850525,0.8225039839744568,0.533884584903717,0.7781525254249573,-0.9688996076583862,0.8737860321998596
58,0.3463406562805176,0.7205649614334106,-0.7819461822509766,0.998956561088562,0.33000409603118896,0.6117497086524963,-0.5098167657852173,0.9996206164360046,0.33500757813453674,0.8493954539299011,-0.48849543929100037,0.9992895722389221,0.46580541133880615,0.4525611400604248,-0.33827733993530273,0.9995800852775574,0.5053383708000183,0.9817137718200684,-0.2505897879600525,0.9993916749954224,0.7148118615150452,0.2938512861728668,-0.5182785391807556,0.9795100688934326,0.8003641963005066,1.005096435546875,-0.5316711664199829,0.96808922290802,0.6052303910255432,0.6488791704177856,-0.8874558806419373,0.943429708480835,0.5912080407142639,0.7853814363479614,-0.9876355528831482,0.9705047607421875,0.5616069436073303,0.7208861708641052,-0.9549315571784973,0.8672768473625183,0.525884747505188,0.7759450078010559,-1.0540729761123657,0.9069685935974121,0.5256994366645813,0.7130385637283325,-0.8722543716430664,0.8680561184883118,0.4988049566745758,0.8069410920143127,-0.9971729516983032,0.8951870799064636,0.5414138436317444,0.6947242617607117,-0.8537243008613586,0.8261144757270813,0.5171129107475281,0.8079567551612854,-0.9665213227272034,0.8759469985961914
59,0.3466482162475586,0.7226903438568115,-0.8702770471572876,0.9990121722221375,0.329224169254303,0.6117530465126038,-0.6059337854385376,0.9996247887611389,0.3340315818786621,0.850716769695282,-0.5660315155982971,0.9993053674697876,0.4627780616283417,0.4527412950992584,-0.4085399806499481,0.9995818734169006,0.5051547884941101,0.9817172288894653,-0.3038928806781769,0.9994173049926758,0.7115731835365295,0.2932300567626953,-0.6083154678344727,0.9800693988800049,0.8002973794937134,1.0042604207992554,-0.6083670258522034,0.9687852263450623,0.5999771952629089,0.6541990041732788,-0.9642743468284607,0.9451612830162048,0.589293360710144,0.7906866669654846,-1.085707187652588,0.971381425857544,0.5549262762069702,0.7261966466903687,-1.028942346572876,0.8703955411911011,0.5255199670791626,0.7805966734886169,-1.1520764827728271,0.909344494342804,0.5193023085594177,0.7191530466079712,-0.9412063956260681,0.8707835078239441,0.49666866660118103,0.8139459490776062,-1.0875380039215088,0.8975852727890015,0.5349311232566833,0.7006162405014038,-0.9267855286598206,0.8286586999893188,0.5146386027336121,0.8128493428230286,-1.0626749992370605,0.8779992461204529
60,0.346066951751709,0.7227068543434143,-0.8405672907829285,0.9989854097366333,0.32909658551216125,0.6120251417160034,-0.5780000686645508,0.999570369720459,0.3316556513309479,0.8518413305282593,-0.5477869510650635,0.9992453455924988,0.46226081252098083,0.4562382996082306,-0.38920727372169495,0.9995454549789429,0.5051323175430298,0.9833618998527527,-0.30120548605918884,0.9993913173675537,0.7063503861427307,0.2929055988788605,-0.5824561715126038,0.9804790019989014,0.799511194229126,1.006385087966919,-0.5963336229324341,0.9686183333396912,0.5991812348365784,0.6557008028030396,-0.9315606951713562,0.9475733041763306,0.5873702764511108,0.7924940586090088,-1.047857403755188,0.9720178842544556,0.5534555912017822,0.727040708065033,-0.9968722462654114,0.8758323192596436,0.5245882868766785,0.7835676074028015,-1.1142780780792236,0.9111692905426025,0.5184734463691711,0.719627320766449,-0.9169955849647522,0.8759797215461731,0.4938564896583557,0.8181775212287903,-1.0569756031036377,0.8992729187011719,0.5335284471511841,0.701058566570282,-0.8983966112136841,0.8343261480331421,0.5112167596817017,0.8164981603622437,-1.0266374349594116,0.8790552020072937
